userId,movieId,rating
339,1,4.0
290,1,4.0
206,1,5.0
66,1,4.0
277,1,4.0
31,1,5.0
140,1,3.0
130,1,3.0
341,1,5.0
422,1,4.0
401,1,3.5
490,1,3.5
492,1,4.0
73,1,4.5
220,1,5.0
385,1,4.0
357,1,5.0
504,1,4.0
151,1,5.0
43,1,5.0
239,1,4.0
266,1,2.0
276,1,4.0
263,1,4.0
541,1,3.0
32,1,3.0
185,1,4.0
480,1,3.0
234,1,5.0
476,1,4.0
21,1,3.5
584,1,5.0
202,1,4.0
469,1,4.0
63,1,5.0
382,1,4.5
177,1,5.0
477,1,4.0
337,1,4.0
364,1,5.0
132,1,2.0
282,1,4.5
280,1,4.5
107,1,4.0
219,1,3.5
252,1,4.5
604,1,3.0
438,1,4.5
533,1,5.0
179,1,4.0
599,1,3.0
217,1,4.0
5,1,4.0
380,1,5.0
378,1,4.5
372,1,3.0
279,1,3.0
68,1,2.5
328,1,5.0
562,1,4.5
525,1,4.0
596,1,4.0
453,1,5.0
144,1,3.5
600,1,2.5
233,1,3.0
124,1,4.0
57,1,5.0
214,1,3.0
121,1,4.0
514,1,4.0
468,1,4.0
389,1,5.0
182,1,4.0
432,1,2.5
560,1,3.0
570,1,4.0
82,1,2.5
456,1,5.0
171,1,5.0
91,1,4.0
579,1,4.0
411,1,5.0
223,1,3.5
193,1,2.0
19,1,4.0
451,1,5.0
54,1,3.0
240,1,5.0
528,1,2.5
18,1,3.5
45,1,4.0
484,1,4.5
322,1,3.5
443,1,4.0
605,1,4.0
226,1,3.5
119,1,3.5
412,1,2.0
524,1,4.0
7,1,4.5
46,1,5.0
350,1,4.0
166,1,5.0
103,1,4.0
561,1,4.0
359,1,4.0
254,1,4.5
156,1,4.0
1,1,4.0
332,1,4.0
247,1,5.0
573,1,5.0
555,1,4.0
293,1,3.0
587,1,5.0
98,1,4.5
159,1,4.5
178,1,4.0
414,1,4.0
559,1,5.0
396,1,5.0
191,1,4.0
15,1,2.5
298,1,2.0
137,1,4.0
249,1,4.0
517,1,4.0
273,1,5.0
44,1,3.0
291,1,4.0
347,1,5.0
336,1,4.0
597,1,4.0
90,1,3.0
529,1,3.0
367,1,5.0
288,1,4.5
71,1,5.0
78,1,4.0
460,1,4.5
232,1,3.5
213,1,3.5
155,1,3.0
314,1,3.0
27,1,3.0
610,1,5.0
135,1,4.0
269,1,5.0
50,1,3.0
134,1,3.0
603,1,4.0
470,1,4.0
160,1,4.0
216,1,3.0
509,1,4.0
609,1,3.0
141,1,4.0
572,1,4.0
580,1,3.0
89,1,3.0
522,1,3.0
96,1,5.0
420,1,4.0
353,1,5.0
373,1,3.0
93,1,3.0
381,1,3.5
330,1,4.0
434,1,4.0
474,1,4.0
567,1,3.5
436,1,4.0
471,1,5.0
607,1,4.0
323,1,3.5
606,1,2.5
64,1,4.0
448,1,5.0
33,1,3.0
86,1,4.0
186,1,4.0
112,1,3.0
161,1,4.0
483,1,4.0
550,1,4.0
167,1,3.5
270,1,5.0
275,1,5.0
283,1,3.0
534,1,4.0
608,1,2.5
304,1,5.0
292,1,4.0
462,1,1.5
399,1,4.0
590,1,4.0
200,1,3.5
307,1,4.0
264,1,4.0
40,1,5.0
17,1,4.5
488,1,4.5
544,1,3.0
153,1,2.0
274,1,4.0
145,1,5.0
169,1,4.5
334,1,3.5
201,1,5.0
601,1,4.0
76,1,0.5
391,1,3.0
229,1,5.0
500,1,4.0
305,2,3.5
523,2,4.5
288,2,2.0
563,2,2.5
347,2,3.0
274,2,3.5
470,2,3.0
8,2,4.0
169,2,4.0
330,2,1.5
6,2,4.0
68,2,2.5
94,2,4.0
566,2,4.0
284,2,4.0
559,2,4.0
447,2,5.0
135,2,3.0
308,2,3.0
425,2,3.0
18,2,3.0
527,2,4.0
592,2,4.0
153,2,2.0
534,2,4.5
27,2,4.0
359,2,3.5
186,2,4.0
304,2,4.0
122,2,4.0
140,2,3.5
432,2,4.0
373,2,3.0
395,2,3.0
501,2,3.0
570,2,3.5
458,2,4.0
525,2,3.5
149,2,1.0
321,2,5.0
590,2,2.5
322,2,3.0
219,2,2.5
226,2,3.0
477,2,4.0
380,2,5.0
217,2,2.0
221,2,3.5
353,2,4.0
177,2,3.5
307,2,2.5
294,2,3.0
91,2,3.0
276,2,4.0
259,2,2.0
125,2,4.0
160,2,4.0
20,2,3.0
103,2,4.0
448,2,3.0
299,2,3.0
381,2,4.0
298,2,0.5
93,2,5.0
434,2,2.5
323,2,4.0
357,2,3.0
202,2,4.0
608,2,2.0
480,2,3.0
517,2,3.0
230,2,2.5
489,2,2.5
104,2,3.0
232,2,4.0
561,2,4.0
240,2,5.0
318,2,3.5
414,2,3.0
476,2,4.0
497,2,2.5
21,2,3.5
482,2,4.5
117,2,3.0
436,2,4.0
474,2,3.0
586,2,4.0
446,2,3.0
604,2,5.0
484,2,2.5
599,2,2.5
573,2,4.5
475,2,4.5
19,2,3.0
249,2,4.0
426,2,4.5
602,2,4.0
222,2,2.5
411,2,4.0
605,2,3.5
107,2,5.0
594,2,4.0
600,2,4.0
112,2,1.5
512,2,3.0
51,2,4.5
82,2,3.0
483,2,4.0
62,2,4.0
144,2,3.0
151,3,3.0
6,3,5.0
330,3,3.0
100,3,3.5
599,3,1.5
410,3,4.0
501,3,5.0
68,3,2.0
477,3,3.0
19,3,3.0
169,3,5.0
552,3,1.0
116,3,3.5
44,3,3.0
102,3,5.0
321,3,3.0
308,3,0.5
91,3,3.0
588,3,3.0
58,3,3.0
594,3,4.0
337,3,4.0
480,3,2.5
51,3,4.0
269,3,4.0
240,3,4.0
294,3,1.0
288,3,4.0
448,3,3.0
64,3,3.5
414,3,4.0
470,3,3.0
555,3,5.0
289,3,2.5
1,3,4.0
43,3,5.0
270,3,3.0
302,3,3.0
32,3,3.0
492,3,4.0
544,3,3.0
307,3,3.5
608,3,2.0
368,3,3.0
150,3,3.0
42,3,4.0
217,3,1.0
179,3,4.0
590,3,3.0
456,3,3.0
226,3,3.5
117,3,3.0
14,4,3.0
411,4,2.0
162,4,3.0
6,4,3.0
262,4,1.0
84,4,3.0
600,4,1.5
84,5,3.0
604,5,3.0
181,5,3.0
276,5,3.0
600,5,2.5
147,5,4.5
448,5,3.0
66,5,4.0
45,5,3.0
31,5,3.0
483,5,2.5
402,5,3.0
509,5,1.5
490,5,0.5
169,5,5.0
58,5,4.0
492,5,3.0
470,5,3.0
456,5,3.0
170,5,3.0
414,5,2.0
121,5,3.0
117,5,3.0
321,5,3.0
451,5,3.0
270,5,3.0
501,5,3.0
561,5,3.0
111,5,3.5
200,5,4.0
68,5,2.0
590,5,2.0
6,5,5.0
269,5,3.0
107,5,4.0
288,5,2.0
389,5,4.0
474,5,1.5
120,5,4.0
353,5,3.0
43,5,5.0
150,5,3.0
229,5,3.0
489,5,2.0
458,5,3.0
337,5,4.0
103,5,4.0
437,5,2.0
521,5,3.0
599,6,4.5
220,6,3.5
451,6,4.0
602,6,3.0
305,6,3.5
444,6,4.0
312,6,4.0
109,6,3.0
380,6,5.0
470,6,3.0
286,6,4.5
270,6,3.0
199,6,4.0
493,6,4.0
385,6,3.0
102,6,3.0
68,6,4.0
202,6,5.0
588,6,5.0
219,6,3.5
317,6,5.0
23,6,4.0
266,6,4.0
160,6,2.0
577,6,4.0
32,6,3.0
64,6,4.5
140,6,5.0
82,6,3.5
561,6,4.0
308,6,1.0
492,6,3.0
414,6,3.0
362,6,4.0
389,6,5.0
28,6,3.5
524,6,4.0
532,6,5.0
79,6,4.0
597,6,3.0
469,6,3.0
182,6,4.5
217,6,2.0
313,6,3.0
391,6,4.0
195,6,4.0
325,6,4.0
274,6,4.0
480,6,4.0
425,6,4.0
386,6,3.0
18,6,4.0
372,6,5.0
166,6,3.5
590,6,3.5
318,6,4.0
353,6,4.0
244,6,5.0
57,6,3.0
339,6,4.0
112,6,4.5
368,6,4.0
559,6,5.0
603,6,4.0
592,6,3.0
501,6,3.0
117,6,3.0
580,6,4.0
610,6,5.0
314,6,3.0
6,6,4.0
553,6,5.0
438,6,5.0
62,6,4.5
336,6,4.0
269,6,5.0
24,6,4.5
121,6,5.0
337,6,5.0
282,6,4.0
191,6,4.0
11,6,5.0
400,6,5.0
486,6,5.0
1,6,4.0
434,6,4.0
150,6,4.0
91,6,5.0
521,6,4.0
604,6,3.0
239,6,5.0
373,6,5.0
84,6,4.0
45,6,4.0
181,6,3.0
573,6,4.5
105,6,4.0
437,6,5.0
297,6,5.0
294,6,3.0
44,6,3.0
474,6,3.0
68,7,2.0
71,7,3.0
600,7,3.5
179,7,3.0
177,7,1.0
188,7,4.0
19,7,2.0
451,7,3.0
280,7,4.5
181,7,3.0
117,7,4.0
566,7,4.0
350,7,3.0
597,7,1.0
42,7,3.0
474,7,3.0
513,7,3.0
84,7,3.0
32,7,4.0
257,7,1.0
304,7,4.0
411,7,3.0
489,7,4.0
90,7,4.0
470,7,3.0
150,7,3.0
95,7,3.0
492,7,3.0
276,7,4.0
414,7,3.0
599,7,2.5
498,7,4.0
6,7,4.0
31,7,4.0
51,7,4.0
314,7,4.0
337,7,3.0
262,7,3.0
33,7,1.0
541,7,4.0
206,7,4.0
286,7,3.5
606,7,2.5
199,7,3.0
270,7,3.0
58,7,5.0
510,7,1.0
45,7,3.0
169,7,4.5
529,7,2.0
14,7,3.0
43,7,5.0
521,7,3.0
501,7,4.0
436,8,3.0
6,8,3.0
43,8,5.0
372,8,2.0
501,8,3.0
414,8,3.0
274,8,3.0
20,8,1.0
337,9,5.0
456,9,4.0
428,9,2.0
217,9,3.0
492,9,5.0
353,9,3.0
389,9,3.0
364,9,3.0
270,9,3.0
269,9,2.0
402,9,3.0
599,9,1.5
179,9,3.0
151,9,4.0
437,9,3.0
464,9,2.5
447,10,3.0
136,10,5.0
301,10,4.0
559,10,3.0
453,10,2.0
570,10,3.5
446,10,3.0
232,10,3.0
520,10,4.0
117,10,3.0
476,10,3.0
372,10,3.0
186,10,4.0
349,10,4.0
380,10,5.0
573,10,4.5
469,10,2.0
8,10,2.0
174,10,3.0
68,10,4.5
181,10,2.0
592,10,3.0
46,10,3.0
81,10,1.0
166,10,4.5
485,10,4.0
322,10,4.0
182,10,3.5
480,10,4.0
240,10,3.0
144,10,3.0
202,10,4.0
282,10,3.5
489,10,2.5
486,10,4.0
541,10,4.0
391,10,3.0
84,10,3.0
602,10,3.0
288,10,3.0
284,10,4.0
244,10,5.0
176,10,5.0
314,10,3.0
99,10,4.0
438,10,4.0
368,10,3.0
262,10,2.0
307,10,2.5
557,10,4.5
21,10,5.0
26,10,3.0
192,10,5.0
220,10,4.0
226,10,4.0
498,10,3.0
414,10,3.0
63,10,3.0
361,10,3.5
19,10,2.0
57,10,3.0
34,10,5.0
588,10,3.0
385,10,3.0
173,10,3.0
292,10,3.5
386,10,3.0
569,10,4.0
470,10,3.0
313,10,4.0
340,10,4.0
411,10,3.0
200,10,4.5
331,10,3.0
458,10,4.0
448,10,4.0
91,10,3.5
354,10,3.5
534,10,4.0
93,10,4.0
229,10,4.0
387,10,3.5
43,10,4.0
462,10,3.0
31,10,4.0
580,10,3.5
501,10,4.0
6,10,3.0
408,10,4.5
353,10,3.0
584,10,5.0
524,10,4.0
597,10,3.0
590,10,3.5
178,10,4.0
195,10,4.0
347,10,4.0
94,10,3.0
170,10,3.0
59,10,3.0
441,10,4.5
608,10,4.0
11,10,3.0
609,10,4.0
566,10,3.0
42,10,5.0
208,10,2.0
243,10,5.0
395,10,3.0
334,10,3.5
235,10,2.0
82,10,3.5
452,10,4.0
160,10,1.0
522,10,4.5
248,10,3.5
599,10,3.5
425,10,3.0
483,10,2.0
217,10,4.0
304,10,4.0
274,10,4.0
531,10,4.0
517,10,0.5
119,10,4.0
104,10,3.0
434,10,3.5
294,10,3.0
219,10,4.5
56,10,4.0
419,10,3.5
376,10,4.5
57,11,3.0
235,11,4.0
410,11,3.0
414,11,5.0
56,11,4.0
6,11,4.0
594,11,5.0
94,11,3.0
501,11,3.0
174,11,5.0
177,11,3.0
140,11,4.0
42,11,5.0
156,11,3.0
181,11,5.0
8,11,4.0
373,11,2.0
469,11,3.0
121,11,4.0
489,11,1.5
411,11,4.0
597,11,3.0
599,11,2.5
201,11,4.0
239,11,5.0
100,11,4.0
33,11,2.0
438,11,4.0
322,11,4.0
404,11,4.0
607,11,3.0
38,11,5.0
290,11,4.0
587,11,4.0
45,11,3.0
35,11,4.0
68,11,4.5
199,11,4.0
476,11,3.0
353,11,4.0
606,11,2.5
89,11,2.5
455,11,4.0
43,11,4.0
109,11,4.0
474,11,2.5
541,11,4.0
117,11,4.0
566,11,5.0
169,11,4.0
202,11,4.0
84,11,4.0
446,11,4.0
345,11,2.5
314,11,5.0
590,11,3.0
579,11,3.0
514,11,4.0
500,11,1.0
304,11,5.0
387,11,2.5
372,11,4.0
347,11,4.0
530,11,4.0
357,11,3.5
113,11,3.0
263,11,4.0
570,11,3.5
602,11,3.0
107,11,5.0
571,12,1.0
492,12,3.0
599,12,1.5
524,12,1.0
380,12,4.0
294,12,1.0
19,12,1.0
273,12,1.0
350,12,3.0
274,12,3.5
288,12,2.0
151,12,3.0
448,12,2.0
337,12,3.0
351,12,5.0
217,12,3.0
44,12,1.0
276,12,4.0
120,12,3.0
304,13,4.0
6,13,3.0
476,13,3.0
328,13,3.0
19,13,3.0
288,13,2.0
509,13,3.0
20,13,4.0
604,14,4.0
470,14,4.0
302,14,4.0
109,14,4.0
437,14,3.0
602,14,5.0
337,14,3.0
385,14,3.0
492,14,3.0
544,14,3.0
84,14,4.0
474,14,3.0
90,14,5.0
270,14,5.0
372,14,4.0
182,14,4.0
521,14,4.0
206,14,4.0
414,15,2.0
284,15,4.0
314,15,2.0
501,15,1.0
599,15,1.5
559,15,3.0
6,15,4.0
592,15,4.0
136,15,5.0
541,15,3.0
19,15,2.0
606,15,3.5
93,15,4.0
28,16,2.5
100,16,4.5
368,16,4.0
239,16,4.5
380,16,3.0
162,16,5.0
18,16,4.5
240,16,3.0
6,16,4.0
610,16,4.5
136,16,5.0
88,16,4.5
362,16,4.0
282,16,4.0
386,16,4.0
226,16,4.5
177,16,3.0
372,16,4.0
257,16,3.5
181,16,3.0
303,16,2.5
61,16,4.0
514,16,3.5
608,16,4.5
103,16,5.0
413,16,5.0
68,16,3.5
266,16,5.0
121,16,5.0
274,16,4.5
603,16,4.0
553,16,5.0
414,16,3.0
312,16,4.0
427,16,4.0
482,16,2.0
317,16,5.0
182,16,5.0
480,16,4.0
298,16,4.0
91,16,4.5
483,16,4.0
580,16,4.5
453,16,3.0
437,16,5.0
602,16,3.0
599,16,3.0
444,16,4.0
310,16,1.0
261,16,4.0
585,16,5.0
448,16,5.0
357,16,3.5
474,16,4.0
112,16,4.5
337,16,4.0
187,16,4.0
287,16,2.0
307,16,4.5
462,16,3.5
332,16,3.5
339,16,4.5
405,16,4.0
289,16,4.5
385,16,3.0
42,16,5.0
111,16,4.5
373,16,4.0
191,16,4.0
510,16,1.0
109,16,4.0
311,16,2.5
446,16,3.0
195,16,4.0
105,16,4.5
464,16,4.5
64,16,5.0
330,16,3.5
588,16,4.0
201,16,4.0
501,16,3.0
305,16,4.5
214,17,3.0
350,17,2.0
604,17,4.0
84,17,5.0
275,17,5.0
389,17,4.0
597,17,3.0
489,17,4.5
33,17,4.0
38,17,3.0
191,17,5.0
266,17,1.0
262,17,3.0
54,17,3.0
600,17,3.5
437,17,4.0
112,17,0.5
488,17,5.0
603,17,3.0
301,17,4.0
162,17,5.0
474,17,5.0
144,17,4.0
270,17,4.0
40,17,5.0
590,17,3.5
323,17,3.5
451,17,5.0
357,17,5.0
198,17,3.0
414,17,4.0
246,17,5.0
6,17,4.0
263,17,5.0
337,17,4.0
517,17,0.5
182,17,4.0
501,17,3.0
31,17,3.0
314,17,4.0
94,17,1.0
156,17,4.0
302,17,5.0
132,17,3.0
606,17,4.0
227,17,3.5
594,17,4.0
412,17,5.0
445,17,3.5
404,17,4.0
599,17,3.5
166,17,4.0
579,17,5.0
288,17,3.5
100,17,4.5
206,17,5.0
446,17,5.0
68,17,3.5
572,17,5.0
509,17,3.0
90,17,5.0
173,17,4.0
566,17,5.0
346,17,4.0
71,17,1.0
117,17,3.0
304,17,3.0
521,18,4.0
483,18,4.0
606,18,4.0
182,18,5.0
68,18,2.0
109,18,3.0
179,18,4.0
256,18,5.0
307,18,3.0
103,18,5.0
318,18,3.0
599,18,3.0
66,18,4.0
489,18,2.0
44,18,4.0
380,18,4.0
95,18,3.5
501,18,5.0
414,18,3.0
295,18,3.5
325,19,2.0
179,19,3.0
555,19,3.0
141,19,2.0
606,19,2.0
377,19,2.0
604,19,1.0
323,19,2.5
321,19,3.0
369,19,4.0
584,19,3.0
381,19,2.5
6,19,2.0
226,19,3.5
428,19,1.0
475,19,4.0
139,19,1.0
177,19,2.0
66,19,3.0
483,19,3.5
19,19,2.0
276,19,4.0
156,19,3.0
408,19,3.5
559,19,2.0
42,19,2.0
602,19,2.0
294,19,2.0
379,19,2.0
112,19,4.0
117,19,2.0
249,19,3.5
103,19,3.5
40,19,2.0
509,19,4.0
534,19,4.0
229,19,3.0
121,19,2.0
94,19,2.0
91,19,2.0
122,19,3.5
318,19,3.5
495,19,4.5
136,19,3.0
64,19,3.5
376,19,2.0
217,19,1.0
284,19,4.0
432,19,2.0
552,19,3.5
353,19,4.0
68,19,1.5
58,19,1.0
489,19,2.0
600,19,3.0
565,19,3.0
380,19,5.0
200,19,3.5
477,19,3.0
144,19,3.0
56,19,5.0
21,19,2.5
240,19,5.0
608,19,2.0
347,19,4.0
524,19,3.0
219,19,2.5
470,19,3.0
14,19,1.0
274,19,4.0
373,19,1.0
438,19,3.0
448,19,2.0
357,19,2.0
280,19,3.0
541,19,2.0
599,19,3.0
497,19,4.0
592,19,4.0
222,19,3.5
292,19,1.5
590,19,2.0
45,19,4.5
307,19,4.0
480,19,1.5
308,19,1.0
520,19,1.0
100,19,1.0
588,20,2.0
249,20,3.5
199,20,2.0
599,20,1.5
326,20,3.5
284,20,1.0
239,20,3.5
464,20,4.0
217,20,2.0
274,20,3.5
448,20,3.0
386,20,2.0
501,20,1.0
78,20,3.0
524,20,2.0
566,21,4.0
58,21,4.0
410,21,3.0
368,21,3.0
314,21,3.0
156,21,5.0
572,21,5.0
35,21,5.0
489,21,2.5
115,21,4.0
462,21,4.0
486,21,4.0
216,21,3.0
109,21,3.0
288,21,4.0
266,21,4.0
307,21,2.5
135,21,3.0
480,21,2.5
608,21,3.5
32,21,4.0
304,21,4.0
373,21,1.0
273,21,5.0
470,21,3.0
45,21,4.0
181,21,2.0
40,21,4.0
308,21,1.0
66,21,4.0
191,21,4.0
8,21,4.0
444,21,4.0
588,21,3.0
501,21,3.0
242,21,3.0
555,21,4.0
411,21,4.0
57,21,3.0
294,21,3.0
448,21,2.0
33,21,4.0
414,21,4.0
102,21,3.0
275,21,5.0
140,21,4.0
262,21,3.0
386,21,4.0
182,21,2.5
404,21,3.0
28,21,3.0
84,21,4.0
229,21,4.0
38,21,3.0
4,21,3.0
446,21,3.0
587,21,4.0
284,21,3.0
524,21,3.0
592,21,3.0
597,21,5.0
301,21,4.0
565,21,3.0
602,21,4.0
302,21,4.0
54,21,3.0
6,21,2.0
379,21,2.0
91,21,4.0
453,21,3.0
112,21,2.0
603,21,5.0
372,21,3.0
458,21,5.0
199,21,4.0
42,21,4.0
5,21,4.0
235,21,4.0
321,21,3.0
599,21,4.0
438,21,3.5
117,21,4.0
474,21,4.0
219,21,3.5
385,21,5.0
356,21,3.5
94,21,3.0
239,21,4.0
380,21,2.0
414,22,3.0
411,22,3.0
6,22,5.0
602,22,3.0
121,22,3.0
181,22,3.0
91,22,3.5
504,22,3.5
307,22,2.0
429,22,4.0
140,22,3.0
386,22,3.0
274,22,3.5
474,22,3.0
373,22,3.0
604,22,3.0
160,22,1.0
489,22,3.5
42,22,5.0
99,22,4.0
428,22,2.5
541,22,4.0
314,22,3.0
64,22,3.5
58,22,3.0
353,22,5.0
580,22,4.0
588,22,3.0
226,22,2.0
584,22,4.0
325,22,3.0
297,22,2.0
323,22,3.0
368,22,3.0
514,22,3.0
217,22,3.0
314,23,3.0
99,23,4.0
483,23,3.0
28,23,1.5
140,23,3.0
524,23,2.0
239,23,3.5
102,23,3.0
414,23,2.0
182,23,3.5
43,23,5.0
604,23,4.0
274,23,3.5
599,23,1.0
464,23,3.0
136,23,5.0
234,24,5.0
414,24,3.0
600,24,2.0
555,24,5.0
483,24,2.5
71,24,2.0
263,24,3.0
266,24,1.0
599,24,2.5
477,24,4.0
321,24,4.0
518,24,2.5
290,24,3.0
198,24,4.0
6,24,4.0
111,24,2.5
479,24,3.0
32,24,3.0
201,24,4.0
307,24,2.0
274,24,3.5
591,24,2.0
342,24,3.0
608,24,2.0
474,24,3.0
592,24,4.0
337,24,5.0
181,24,3.0
191,25,5.0
451,25,5.0
462,25,3.0
265,25,1.0
113,25,1.0
90,25,5.0
121,25,4.0
156,25,4.0
32,25,4.0
570,25,4.0
589,25,5.0
282,25,4.0
118,25,2.0
14,25,4.0
330,25,4.5
235,25,5.0
269,25,5.0
603,25,4.0
108,25,4.0
270,25,4.0
201,25,5.0
446,25,3.0
385,25,3.0
31,25,2.0
580,25,4.0
302,25,5.0
389,25,4.0
198,25,4.0
602,25,4.0
187,25,3.0
464,25,4.0
402,25,3.0
337,25,4.0
501,25,2.0
178,25,4.5
33,25,3.0
607,25,3.0
150,25,4.0
521,25,5.0
171,25,5.0
414,25,3.0
604,25,3.0
290,25,4.0
195,25,4.0
64,25,3.5
181,25,1.0
524,25,3.0
84,25,5.0
372,25,4.0
199,25,5.0
36,25,2.5
308,25,1.0
214,25,2.0
262,25,3.0
566,25,2.0
437,25,4.0
109,25,5.0
474,25,3.5
386,25,2.0
68,25,3.5
305,25,3.0
552,25,3.0
373,25,5.0
275,25,3.0
353,25,4.0
588,25,3.0
182,25,4.5
95,25,5.0
144,25,3.0
391,25,5.0
6,25,3.0
206,25,5.0
405,25,4.0
91,25,2.0
432,25,4.5
112,25,2.5
32,26,4.0
470,26,3.0
488,26,2.5
474,26,3.5
68,26,3.0
117,26,4.0
6,26,4.0
314,26,4.0
40,26,4.0
262,26,3.0
599,26,2.5
182,26,4.0
483,26,4.0
506,27,3.0
458,27,5.0
337,27,5.0
280,27,4.5
501,27,3.0
474,27,2.0
414,27,2.0
307,27,2.5
6,27,3.0
177,28,2.5
603,28,5.0
262,28,5.0
474,28,4.5
100,28,4.5
246,28,4.5
33,28,5.0
594,28,4.5
606,28,3.5
605,28,4.0
509,28,3.5
182,29,4.0
325,29,4.0
132,29,2.0
323,29,3.5
521,29,3.0
330,29,3.0
66,29,4.5
313,29,4.0
602,29,2.0
43,29,5.0
599,29,3.5
253,29,4.5
171,29,5.0
23,29,4.0
391,29,5.0
221,29,4.5
483,29,5.0
95,29,5.0
91,29,4.0
606,29,4.5
187,29,4.0
603,29,2.0
268,29,5.0
267,29,4.0
295,29,5.0
440,29,4.5
387,29,3.5
260,29,4.0
469,29,4.0
600,29,4.5
202,29,4.0
246,29,5.0
555,29,4.0
318,29,3.5
474,29,3.5
287,29,4.5
576,29,3.5
274,29,4.0
603,30,4.0
325,30,4.0
527,30,1.0
426,31,5.0
314,31,3.0
599,31,2.0
58,31,4.0
414,31,3.0
464,31,4.0
40,31,4.0
203,31,3.5
109,31,3.0
387,31,2.5
6,31,3.0
28,31,2.5
159,31,3.5
479,31,3.0
3,31,0.5
117,31,3.0
372,31,2.0
104,31,4.0
282,31,4.5
240,31,4.0
68,31,3.5
84,31,3.0
307,31,1.5
534,31,3.5
518,31,1.0
337,31,5.0
474,31,3.0
181,31,3.0
131,31,3.0
437,31,4.0
483,31,2.0
47,31,3.0
362,31,4.0
561,31,2.5
447,31,4.0
411,31,4.0
162,31,4.0
608,31,3.0
380,32,5.0
553,32,5.0
284,32,5.0
18,32,4.0
305,32,5.0
317,32,4.0
50,32,3.0
307,32,3.5
219,32,3.5
133,32,4.0
437,32,4.0
600,32,4.5
302,32,3.0
282,32,4.0
264,32,1.0
325,32,4.0
414,32,5.0
191,32,5.0
122,32,5.0
318,32,4.5
512,32,5.0
610,32,4.5
61,32,4.5
468,32,4.0
226,32,4.0
198,32,5.0
105,32,3.5
112,32,5.0
449,32,4.0
312,32,4.0
24,32,3.5
489,32,3.5
596,32,3.5
91,32,4.0
330,32,5.0
347,32,3.0
149,32,4.0
524,32,3.0
529,32,5.0
146,32,5.0
555,32,4.0
462,32,3.5
313,32,4.0
580,32,5.0
95,32,4.0
381,32,3.5
115,32,5.0
385,32,4.0
269,32,4.0
304,32,4.0
486,32,5.0
80,32,4.0
8,32,3.0
249,32,5.0
109,32,4.0
227,32,4.5
350,32,4.0
353,32,5.0
171,32,5.0
387,32,3.5
608,32,3.5
587,32,5.0
273,32,5.0
222,32,3.0
599,32,3.0
604,32,4.0
483,32,5.0
389,32,4.0
63,32,3.0
314,32,3.0
6,32,4.0
386,32,3.0
520,32,3.5
28,32,3.5
464,32,3.5
277,32,5.0
323,32,2.5
469,32,5.0
509,32,4.0
337,32,4.0
373,32,4.0
150,32,5.0
492,32,3.0
377,32,4.5
391,32,4.0
405,32,4.5
544,32,3.0
271,32,4.0
202,32,4.0
90,32,4.0
19,32,4.0
376,32,5.0
603,32,3.0
237,32,5.0
235,32,4.0
270,32,4.0
160,32,5.0
4,32,2.0
476,32,4.0
174,32,3.0
275,32,5.0
398,32,5.0
265,32,4.0
561,32,3.5
54,32,3.0
64,32,4.0
339,32,3.0
259,32,5.0
565,32,5.0
239,32,5.0
456,32,3.0
332,32,2.5
354,32,4.0
45,32,4.5
513,32,4.0
420,32,3.5
14,32,4.0
375,32,5.0
424,32,3.5
132,32,3.0
57,32,4.0
242,32,5.0
120,32,3.0
474,32,4.0
602,32,3.0
501,32,3.0
274,32,4.0
303,32,3.5
559,32,3.0
23,32,3.5
195,32,4.0
521,32,3.0
446,32,4.0
72,32,4.5
58,32,5.0
39,32,3.0
144,32,4.0
560,32,3.5
453,32,5.0
292,32,2.0
201,32,4.0
566,32,4.0
445,32,5.0
570,32,4.0
81,32,5.0
117,32,3.0
206,32,3.0
288,32,5.0
448,32,2.0
266,32,4.0
477,32,4.5
33,32,3.0
254,32,4.5
364,32,3.0
46,32,4.0
438,32,4.0
434,32,3.5
451,32,5.0
66,32,5.0
182,32,4.0
425,32,4.0
470,32,3.0
32,32,4.0
372,32,4.0
135,32,5.0
480,32,4.0
78,32,3.5
220,32,4.5
247,32,3.0
94,32,5.0
298,32,4.0
221,32,5.0
179,32,4.0
590,32,3.0
345,32,3.5
606,32,4.0
166,32,4.0
103,34,4.0
230,34,2.0
359,34,2.5
19,34,4.0
349,34,5.0
353,34,5.0
488,34,3.0
288,34,4.0
156,34,4.0
563,34,2.0
357,34,4.0
200,34,2.5
275,34,5.0
603,34,4.0
600,34,2.0
477,34,4.0
386,34,4.0
580,34,2.5
559,34,5.0
474,34,4.5
394,34,3.0
593,34,4.0
489,34,2.0
305,34,3.0
570,34,3.5
354,34,3.5
216,34,5.0
263,34,4.0
142,34,4.0
290,34,4.0
608,34,3.5
430,34,3.0
40,34,5.0
174,34,4.0
27,34,5.0
201,34,5.0
381,34,3.5
95,34,4.0
217,34,4.0
507,34,5.0
584,34,3.0
425,34,3.5
198,34,4.0
185,34,2.0
602,34,1.0
132,34,1.5
181,34,5.0
109,34,3.0
597,34,4.0
136,34,2.0
234,34,3.0
255,34,1.0
26,34,3.0
404,34,4.0
64,34,4.5
560,34,2.5
514,34,4.0
84,34,4.0
453,34,4.0
436,34,5.0
561,34,2.5
223,34,1.0
330,34,3.0
140,34,4.0
8,34,5.0
412,34,5.0
235,34,4.0
20,34,4.0
160,34,5.0
367,34,3.0
604,34,4.0
115,34,2.0
5,34,4.0
117,34,3.0
43,34,5.0
33,34,3.0
455,34,4.0
414,34,5.0
323,34,2.5
525,34,3.0
179,34,5.0
480,34,4.0
220,34,4.5
331,34,2.0
240,34,5.0
411,34,4.0
470,34,4.0
446,34,5.0
111,34,2.5
63,34,3.0
379,34,5.0
391,34,3.0
292,34,3.5
567,34,2.5
395,34,3.0
527,34,5.0
347,34,4.0
517,34,5.0
373,34,4.0
191,34,4.0
96,34,5.0
434,34,3.5
509,34,3.5
93,34,5.0
82,34,2.0
94,34,4.0
68,34,1.0
18,34,2.5
372,34,4.0
144,34,3.0
380,34,4.0
169,34,4.0
170,34,5.0
534,34,4.0
229,34,5.0
328,34,5.0
273,34,4.0
596,34,4.0
579,34,3.0
565,34,4.0
607,34,3.0
377,34,4.0
6,34,4.0
457,34,2.0
274,34,4.0
498,34,3.0
476,34,4.0
126,34,3.0
58,36,4.0
32,36,4.0
559,36,4.0
414,36,3.0
607,36,4.0
243,36,4.0
425,36,3.0
84,36,5.0
488,36,4.5
474,36,5.0
6,36,5.0
171,36,4.0
70,36,5.0
304,36,1.0
33,36,5.0
462,36,3.5
51,36,3.0
290,36,4.0
602,36,3.0
109,36,5.0
432,36,3.5
588,36,2.0
589,36,5.0
337,36,4.0
150,36,4.0
263,36,4.0
270,36,5.0
112,36,0.5
91,36,3.0
323,36,3.5
235,36,4.0
64,36,4.0
11,36,4.0
191,36,5.0
302,36,4.0
402,36,3.0
5,36,4.0
603,36,4.0
521,36,4.0
590,36,3.5
18,36,4.0
492,36,4.0
142,36,4.0
301,36,4.5
469,36,3.0
206,36,5.0
198,36,5.0
44,36,4.0
437,36,4.0
117,36,3.0
103,36,4.0
606,36,3.5
162,36,5.0
199,36,4.0
357,36,3.5
501,36,3.0
470,36,4.0
265,36,4.0
404,36,3.0
372,36,3.0
90,36,4.0
262,36,5.0
378,36,4.0
229,36,4.0
182,36,4.5
195,36,4.0
308,36,1.0
217,38,2.0
448,38,3.0
474,38,1.0
21,38,2.5
469,39,2.0
509,39,4.0
200,39,5.0
230,39,3.0
525,39,4.5
240,39,5.0
167,39,2.0
512,39,4.0
12,39,4.0
347,39,4.0
577,39,3.0
489,39,3.5
144,39,3.5
181,39,3.0
313,39,4.0
132,39,3.0
226,39,3.0
468,39,5.0
446,39,3.0
266,39,2.0
570,39,3.0
307,39,2.0
38,39,3.0
174,39,4.0
484,39,4.5
216,39,3.0
559,39,3.0
566,39,4.0
117,39,3.0
46,39,3.0
600,39,3.0
263,39,4.0
242,39,3.0
555,39,4.0
480,39,2.5
506,39,5.0
584,39,1.0
232,39,3.0
604,39,3.0
596,39,4.0
94,39,1.0
176,39,3.0
608,39,3.0
592,39,4.0
314,39,3.0
387,39,2.5
58,39,5.0
470,39,3.0
386,39,3.0
283,39,1.0
500,39,1.0
91,39,1.5
275,39,4.0
507,39,3.0
8,39,3.0
597,39,4.0
486,39,3.0
102,39,3.0
372,39,3.0
109,39,3.0
458,39,4.0
45,39,3.0
602,39,5.0
5,39,3.0
414,39,4.0
177,39,4.0
434,39,3.0
68,39,4.0
56,39,4.0
308,39,3.0
280,39,4.0
57,39,3.0
64,39,4.0
599,39,3.0
169,39,3.5
294,39,2.0
474,39,3.5
14,39,3.0
357,39,4.5
112,39,0.5
286,39,3.5
583,39,5.0
224,39,5.0
95,39,4.0
564,39,3.5
328,39,2.0
111,39,4.0
113,39,3.0
156,39,1.0
121,39,4.0
353,39,1.0
104,39,4.0
367,39,4.0
603,39,5.0
35,39,3.0
284,39,3.0
235,39,3.0
561,39,3.0
33,39,5.0
191,39,1.0
370,39,3.5
32,39,3.0
594,39,4.5
409,39,4.0
311,40,3.5
544,40,5.0
470,41,3.0
593,41,4.0
91,41,4.0
474,41,3.5
117,41,4.0
9,41,3.0
599,41,2.5
268,41,4.0
372,41,4.0
314,41,3.0
59,41,5.0
467,41,4.0
6,41,4.0
182,41,4.5
337,41,3.0
597,42,3.0
553,42,4.0
414,42,2.0
588,42,3.0
234,42,4.0
599,42,3.0
368,42,2.0
437,43,3.0
599,43,3.0
33,43,2.0
6,43,4.0
474,43,3.5
470,43,3.0
288,43,3.0
521,43,4.0
240,44,4.0
592,44,3.0
438,44,3.0
294,44,3.0
182,44,1.5
121,44,1.0
514,44,2.5
545,44,2.5
380,44,4.0
119,44,3.0
136,44,2.0
354,44,3.5
608,44,0.5
219,44,1.5
11,44,2.0
373,44,1.0
19,44,3.0
599,44,2.5
561,44,2.0
428,44,2.0
387,44,1.0
284,44,3.0
40,44,3.0
386,44,2.0
15,44,1.0
447,44,5.0
314,44,3.0
414,44,2.0
58,44,2.0
117,44,2.0
17,44,3.5
21,44,1.0
486,44,4.0
469,44,1.0
274,44,4.0
217,44,2.0
534,44,4.0
396,44,2.0
243,44,4.0
202,44,2.0
160,44,3.0
452,44,4.0
68,44,3.0
94,44,1.0
226,44,3.5
408,44,3.5
502,45,3.5
182,45,3.0
266,45,2.0
275,45,2.0
64,45,3.5
229,45,3.0
603,45,4.0
386,45,3.0
181,45,3.0
217,45,2.0
316,45,4.5
602,45,5.0
109,45,3.0
536,45,5.0
476,45,3.0
387,45,2.5
250,45,4.0
156,45,4.0
385,45,3.0
414,45,3.0
446,45,3.0
479,45,3.0
474,45,4.0
6,45,3.0
132,45,2.5
597,45,5.0
4,45,3.0
501,45,3.0
469,45,4.0
84,45,4.0
599,45,2.5
396,45,3.0
268,46,1.0
84,46,3.0
474,46,3.0
304,46,5.0
411,46,2.0
113,46,3.0
414,46,2.0
606,46,4.0
6,46,4.0
240,46,3.0
594,46,4.5
40,46,4.0
201,46,1.0
489,46,3.5
600,46,3.0
105,47,5.0
122,47,4.5
512,47,5.0
561,47,4.5
152,47,5.0
599,47,4.0
336,47,4.5
570,47,3.5
551,47,4.5
565,47,4.0
381,47,2.0
8,47,4.0
123,47,4.5
417,47,5.0
313,47,5.0
109,47,3.0
249,47,5.0
453,47,5.0
302,47,5.0
610,47,5.0
330,47,3.0
117,47,4.0
